subject, mode, x, y, char
cai,hover,3.1734509803921576,154.63466666666667,a
cai,hover,7.323450980392158,157.91466666666668,a
cai,hover,5.573450980392158,155.28466666666668,a
cai,hover,11.263450980392157,158.63466666666667,a
cai,hover,7.513450980392157,158.32466666666667,a
cai,hover,7.513450980392157,150.63466666666667,a
cai,hover,12.523450980392159,154.63466666666667,a
cai,hover,5.233450980392158,154.04466666666667,a
cai,hover,8.353450980392157,149.47466666666668,a
cai,hover,13.013450980392157,155.13466666666667,a
cai,hover,12.013450980392157,155.12466666666668,a
cai,hover,7.823450980392158,154.63466666666667,a
cai,hover,11.893450980392156,146.25466666666668,a
cai,hover,10.793450980392157,153.14466666666667,a
cai,hover,9.403450980392158,151.60466666666667,a
cai,hover,24.643450980392156,147.50466666666668,a
cai,hover,11.423450980392158,154.19466666666668,a
cai,hover,14.18345098039216,142.79466666666667,a
cai,hover,21.93345098039216,145.86466666666666,a
cai,hover,24.513450980392157,146.63466666666667,a
cai,hover,10.163450980392158,151.66466666666668,a
cai,hover,11.363450980392157,154.80466666666666,a
cai,hover,7.933450980392157,154.63466666666667,a
cai,hover,9.303450980392157,160.75466666666668,a
cai,hover,6.563450980392158,160.9946666666667,a
cai,hover,30.923450980392154,155.22466666666668,a
cai,hover,7.513450980392157,152.63466666666667,a
cai,hover,11.263450980392157,142.88466666666667,a
cai,hover,5.213450980392157,155.51466666666667,a
cai,hover,4.233450980392158,154.13466666666667,a
cai,hover,7.513450980392157,146.63466666666667,a
cai,hover,10.783450980392157,153.13466666666667,a
cai,hover,15.513450980392157,153.29466666666667,a
cai,hover,14.743450980392158,151.12466666666668,a
cai,hover,11.513450980392157,158.34466666666668,a
cai,hover,3.2234509803921574,160.59466666666668,a
cai,hover,7.173450980392158,155.25466666666668,a
cai,hover,17.95345098039216,146.48466666666667,a
cai,hover,15.513450980392157,151.09466666666668,a
cai,hover,18.88345098039216,151.26466666666667,a
cai,hover,19.423450980392158,150.01466666666667,a
cai,hover,19.43345098039216,159.63466666666667,a
cai,hover,18.61345098039216,155.31466666666668,a
cai,hover,23.22345098039216,158.28466666666668,a
cai,hover,20.903450980392158,153.72466666666668,a
cai,hover,5.353450980392157,155.19466666666668,a
cai,hover,19.143450980392156,154.39466666666667,a
cai,hover,21.79345098039216,150.38466666666667,a
cai,hover,27.103450980392157,153.95466666666667,a
cai,hover,19.193450980392157,154.2146666666667,a
cai,hover,13.013450980392157,150.44466666666668,a
cai,hover,18.493450980392158,150.90466666666669,a
cai,hover,27.68345098039216,151.19466666666668,a
cai,hover,11.513450980392157,158.63466666666667,a
cai,hover,17.653450980392158,147.42466666666667,a
cai,hover,19.513450980392157,154.14466666666667,a
cai,hover,25.513450980392157,153.91466666666668,a
cai,hover,25.233450980392156,147.76466666666667,a
cai,hover,24.20345098039216,148.13466666666667,a
cai,hover,27.64345098039216,154.2446666666667,a
cai,hover,29.983450980392156,161.85466666666667,a
cai,hover,15.513450980392157,141.14466666666667,a
cai,hover,19.22345098039216,155.62466666666668,a
cai,hover,12.303450980392157,155.94466666666668,a
cai,hover,14.753450980392156,157.81466666666668,a
cai,hover,6.743450980392158,146.9946666666667,a
cai,hover,20.72345098039216,149.04466666666667,a
cai,hover,19.513450980392157,146.83466666666666,a
cai,hover,16.103450980392157,149.91466666666668,a
cai,hover,19.18345098039216,150.9346666666667,a
cai,hover,15.513450980392157,147.63466666666667,a
cai,hover,17.013450980392157,156.84466666666668,a
cai,hover,25.93345098039216,151.91466666666668,a
cai,hover,17.13345098039216,151.78466666666668,a
cai,hover,7.943450980392157,154.38466666666667,a
cai,hover,17.563450980392158,158.63466666666667,a
cai,hover,12.323450980392156,149.82466666666667,a
cai,hover,14.513450980392157,142.63466666666667,a
cai,hover,15.68345098039216,151.12466666666668,a
cai,hover,15.223450980392158,143.9946666666667,a
cai,hover,14.013450980392157,144.81466666666668,a
cai,hover,14.853450980392157,142.47466666666668,a
cai,hover,20.233450980392156,145.15466666666669,a
cai,hover,17.393450980392156,143.35466666666667,a
cai,hover,19.513450980392157,149.77466666666666,a
cai,hover,16.403450980392158,144.59466666666668,a
cai,hover,20.77345098039216,144.26466666666667,a
cai,hover,13.043450980392159,143.76466666666667,a
cai,hover,21.52345098039216,143.50466666666668,a
cai,hover,11.513450980392157,148.05466666666666,a
cai,hover,24.393450980392156,150.23466666666667,a
cai,hover,15.263450980392157,150.63466666666667,a
cai,hover,21.79345098039216,155.73466666666667,a
cai,hover,18.983450980392156,154.13466666666667,a
cai,hover,29.43345098039216,151.80466666666666,a
cai,hover,24.053450980392157,147.15466666666669,a
cai,hover,15.513450980392157,153.05466666666666,a
cai,hover,19.513450980392157,153.44466666666668,a
cai,hover,18.22345098039216,163.01466666666667,a
cai,hover,38.663450980392156,146.65466666666669,b
cai,hover,33.25345098039216,138.63466666666667,b
cai,hover,45.063450980392155,140.39466666666667,b
cai,hover,43.51345098039216,142.36466666666666,b
cai,hover,32.71345098039216,143.52466666666666,b
cai,hover,49.493450980392154,139.13466666666667,b
cai,hover,34.26345098039216,144.6846666666667,b
cai,hover,46.80345098039216,146.63466666666667,b
cai,hover,46.72345098039216,147.00466666666668,b
cai,hover,50.453450980392155,142.07466666666667,b
cai,hover,55.11345098039216,142.05466666666666,b
cai,hover,39.51345098039216,139.04466666666667,b
cai,hover,41.413450980392156,148.35466666666667,b
cai,hover,50.733450980392156,145.2146666666667,b
cai,hover,41.35345098039216,141.44466666666668,b
cai,hover,40.89345098039216,149.9646666666667,b
cai,hover,45.993450980392154,135.36466666666666,b
cai,hover,54.673450980392154,135.09466666666668,b
cai,hover,39.51345098039216,143.83466666666666,b
cai,hover,53.51345098039216,145.9346666666667,b
cai,hover,36.87345098039216,139.53466666666668,b
cai,hover,47.51345098039216,149.64466666666667,b
cai,hover,47.60345098039216,141.75466666666668,b
cai,hover,36.26345098039216,134.15466666666669,b
cai,hover,46.703450980392155,137.5246666666667,b
cai,hover,56.023450980392155,146.63466666666667,b
cai,hover,46.063450980392155,146.31466666666668,b
cai,hover,39.51345098039216,144.34466666666668,b
cai,hover,47.51345098039216,149.15466666666669,b
cai,hover,43.51345098039216,145.06466666666668,b
cai,hover,44.423450980392154,141.12466666666668,b
cai,hover,40.37345098039216,143.54466666666667,b
cai,hover,31.333450980392158,143.19466666666668,c
cai,hover,27.373450980392157,142.15466666666669,c
cai,hover,29.673450980392154,145.13466666666667,c
cai,hover,23.93345098039216,145.7446666666667,c
cai,hover,37.94345098039216,130.09466666666668,c
cai,hover,28.803450980392157,144.1846666666667,c
cai,hover,31.64345098039216,141.12466666666668,c
cai,hover,37.46345098039216,140.58466666666666,c
cai,hover,29.383450980392155,144.02466666666666,c
cai,hover,31.513450980392157,135.2746666666667,c
cai,hover,31.25345098039216,142.63466666666667,c
cai,hover,37.11345098039216,142.51466666666667,c
cai,hover,31.513450980392157,143.47466666666668,c
cai,hover,32.913450980392156,143.17466666666667,c
cai,hover,27.513450980392157,144.16466666666668,c
cai,hover,28.21345098039216,141.32466666666667,c
cai,hover,19.513450980392157,146.2146666666667,c
cai,hover,22.22345098039216,143.89466666666667,c
cai,hover,30.763450980392157,146.02466666666666,c
cai,hover,37.29345098039216,142.63466666666667,c
cai,hover,22.003450980392156,146.14466666666667,c
cai,hover,39.18345098039216,145.11466666666666,c
cai,hover,36.01345098039216,149.63466666666667,c
cai,hover,22.713450980392157,141.4346666666667,c
cai,hover,23.513450980392157,149.91466666666668,c
cai,hover,30.173450980392154,131.0246666666667,c
cai,hover,35.05345098039216,150.84466666666668,c
cai,hover,43.22345098039216,140.4946666666667,c
cai,hover,43.25345098039216,142.37466666666668,c
cai,hover,31.513450980392157,141.37466666666668,c
cai,hover,31.883450980392155,134.86466666666666,c
cai,hover,30.71345098039216,146.62466666666668,c
cai,hover,25.893450980392156,143.51466666666667,c
cai,hover,21.393450980392156,146.03466666666668,c
cai,hover,27.263450980392157,146.69466666666668,c
cai,hover,26.72345098039216,143.03466666666668,c
cai,hover,29.75345098039216,137.86466666666666,c
cai,hover,21.63345098039216,138.56466666666668,c
cai,hover,39.51345098039216,139.53466666666668,c
cai,hover,31.85345098039216,141.80466666666666,c
cai,hover,34.94345098039216,138.57466666666667,c
cai,hover,29.123450980392157,150.95466666666667,c
cai,hover,24.373450980392157,162.63466666666667,d
cai,hover,27.54345098039216,154.54466666666667,d
cai,hover,22.733450980392156,155.2446666666667,d
cai,hover,18.88345098039216,154.63466666666667,d
cai,hover,32.023450980392155,150.33466666666666,d
cai,hover,27.373450980392157,153.05466666666666,d
cai,hover,35.51345098039216,147.75466666666668,d
cai,hover,43.413450980392156,151.58466666666666,d
cai,hover,24.013450980392157,151.62466666666668,d
cai,hover,33.26345098039216,151.9946666666667,d
cai,hover,31.803450980392157,156.48466666666667,d
cai,hover,38.18345098039216,154.91466666666668,d
cai,hover,28.843450980392156,145.55466666666666,d
cai,hover,24.68345098039216,147.4646666666667,d
cai,hover,20.893450980392156,151.37466666666668,d
cai,hover,25.713450980392157,154.95466666666667,d
cai,hover,28.11345098039216,151.1846666666667,d
cai,hover,34.62345098039216,154.01466666666667,d
cai,hover,28.133450980392155,159.04466666666667,d
cai,hover,29.54345098039216,156.83466666666666,d
cai,hover,28.03345098039216,154.66466666666668,d
cai,hover,32.953450980392155,153.6846666666667,d
cai,hover,43.51345098039216,151.09466666666668,d
cai,hover,33.75345098039216,148.23466666666667,d
cai,hover,27.513450980392157,143.29466666666667,d
cai,hover,37.43345098039216,151.62466666666668,d
cai,hover,46.993450980392154,162.59466666666668,d
cai,hover,26.853450980392157,153.66466666666668,d
cai,hover,35.51345098039216,153.15466666666669,d
cai,hover,24.27345098039216,152.2446666666667,d
cai,hover,31.513450980392157,140.87466666666668,d
cai,hover,43.523450980392155,151.07466666666667,d
cai,hover,32.733450980392156,151.85466666666667,d
cai,hover,33.51345098039216,150.65466666666669,d
cai,hover,33.62345098039216,156.52466666666666,d
cai,hover,30.873450980392157,154.11466666666666,d
cai,hover,31.153450980392158,145.35466666666667,d
cai,hover,43.51345098039216,145.6846666666667,d
cai,hover,35.51345098039216,139.14466666666667,d
cai,hover,31.513450980392157,140.67466666666667,d
cai,hover,31.03345098039216,144.41466666666668,d
cai,hover,35.51345098039216,150.12466666666668,d
cai,hover,28.413450980392156,153.91466666666668,d
cai,hover,36.19345098039216,154.90466666666669,d
cai,hover,28.61345098039216,154.92466666666667,d
cai,hover,31.513450980392157,162.37466666666668,e
cai,hover,18.373450980392157,166.63466666666667,e
cai,hover,31.733450980392156,166.67466666666667,e
cai,hover,32.01345098039216,166.9346666666667,e
cai,hover,26.483450980392156,166.35466666666667,e
cai,hover,24.803450980392157,173.05466666666666,e
cai,hover,22.97345098039216,167.15466666666669,e
cai,hover,23.29345098039216,166.63466666666667,e
cai,hover,28.983450980392156,158.12466666666668,e
cai,hover,31.133450980392155,159.59466666666668,e
cai,hover,29.063450980392155,162.07466666666667,e
cai,hover,23.503450980392156,163.45466666666667,e
cai,hover,30.803450980392157,166.63466666666667,e
cai,hover,31.513450980392157,165.64466666666667,e
cai,hover,22.913450980392156,162.41466666666668,e
cai,hover,20.27345098039216,158.95466666666667,e
cai,hover,19.843450980392156,163.06466666666668,e
cai,hover,19.13345098039216,158.09466666666668,e
cai,hover,36.01345098039216,162.35466666666667,e
cai,hover,27.153450980392158,166.73466666666667,e
cai,hover,23.22345098039216,166.63466666666667,e
cai,hover,29.693450980392157,165.56466666666668,e
cai,hover,23.02345098039216,166.63466666666667,e
cai,hover,32.26345098039216,166.20466666666667,e
cai,hover,27.89345098039216,158.2446666666667,e
cai,hover,39.383450980392155,163.95466666666667,e
cai,hover,25.36345098039216,171.79466666666667,e
cai,hover,31.64345098039216,166.4646666666667,e
cai,hover,34.15345098039216,166.65466666666669,e
cai,hover,28.11345098039216,167.05466666666666,e
cai,hover,43.36345098039216,161.20466666666667,e
cai,hover,24.54345098039216,167.38466666666667,e
cai,hover,28.633450980392155,166.73466666666667,e
cai,hover,23.513450980392157,164.81466666666668,e
cai,hover,27.38345098039216,162.56466666666668,e
cai,hover,18.813450980392158,165.6846666666667,e
cai,hover,28.18345098039216,166.75466666666668,e
cai,hover,29.313450980392155,162.04466666666667,e
cai,hover,39.11345098039216,163.4946666666667,e
cai,hover,19.22345098039216,166.05466666666666,e
cai,hover,19.103450980392157,163.94466666666668,e
cai,hover,18.72345098039216,166.63466666666667,e
cai,hover,28.023450980392155,166.90466666666669,e
cai,hover,28.693450980392157,162.64466666666667,e
cai,hover,18.63345098039216,168.48466666666667,e
cai,hover,25.803450980392157,163.05466666666666,e
cai,hover,18.573450980392156,158.82466666666667,e
cai,hover,8.963450980392157,161.40466666666669,e
cai,hover,28.583450980392158,162.76466666666667,e
cai,hover,25.643450980392156,169.09466666666668,e
cai,hover,26.173450980392158,162.56466666666668,e
cai,hover,26.70345098039216,170.05466666666666,e
cai,hover,30.32345098039216,162.69466666666668,e
cai,hover,28.28345098039216,158.56466666666668,e
cai,hover,18.95345098039216,165.32466666666667,e
cai,hover,31.663450980392156,170.51466666666667,e
cai,hover,34.51345098039216,166.63466666666667,e
cai,hover,24.513450980392157,166.65466666666669,e
cai,hover,23.88345098039216,162.35466666666667,e
cai,hover,35.51345098039216,167.10466666666667,e
cai,hover,15.513450980392157,158.84466666666668,e
cai,hover,14.753450980392156,158.34466666666668,e
cai,hover,41.57345098039216,170.63466666666667,e
cai,hover,36.72345098039216,163.51466666666667,e
cai,hover,39.04345098039216,166.73466666666667,e
cai,hover,18.93345098039216,170.78466666666668,e
cai,hover,40.29345098039216,171.29466666666667,e
cai,hover,43.21345098039216,171.30466666666666,e
cai,hover,23.373450980392157,166.37466666666668,e
cai,hover,30.243450980392154,162.97466666666668,e
cai,hover,15.713450980392157,167.33466666666666,e
cai,hover,35.51345098039216,169.12466666666668,e
cai,hover,31.173450980392154,170.08466666666666,e
cai,hover,27.553450980392157,163.7446666666667,e
cai,hover,23.513450980392157,162.63466666666667,e
cai,hover,22.97345098039216,167.01466666666667,e
cai,hover,31.513450980392157,158.63466666666667,e
cai,hover,35.133450980392155,158.76466666666667,e
cai,hover,28.343450980392156,162.32466666666667,e
cai,hover,30.693450980392157,172.91466666666668,e
cai,hover,35.133450980392155,166.9946666666667,e
cai,hover,32.40345098039216,165.67466666666667,e
cai,hover,30.273450980392155,163.15466666666669,e
cai,hover,24.373450980392157,162.52466666666666,e
cai,hover,35.51345098039216,169.15466666666669,e
cai,hover,47.51345098039216,168.85466666666667,e
cai,hover,31.023450980392155,161.13466666666667,e
cai,hover,17.693450980392157,160.78466666666668,e
cai,hover,26.143450980392156,153.47466666666668,e
cai,hover,24.053450980392157,163.17466666666667,e
cai,hover,28.00345098039216,166.62466666666668,e
cai,hover,28.733450980392156,159.67466666666667,e
cai,hover,23.68345098039216,162.10466666666667,e
cai,hover,31.693450980392157,171.02466666666666,e
cai,hover,22.743450980392158,165.53466666666668,e
cai,hover,35.83345098039216,169.65466666666669,e
cai,hover,38.50345098039216,174.63466666666667,e
cai,hover,27.733450980392156,170.14466666666667,e
cai,hover,32.89345098039216,166.90466666666669,e
cai,hover,26.943450980392157,174.4346666666667,e
cai,hover,33.69345098039216,165.81466666666668,e
cai,hover,28.54345098039216,166.44466666666668,e
cai,hover,41.55345098039216,166.63466666666667,e
cai,hover,33.60345098039216,166.06466666666668,e
cai,hover,30.083450980392158,161.94466666666668,e
cai,hover,34.79345098039216,165.78466666666668,e
cai,hover,29.25345098039216,175.11466666666666,e
cai,hover,26.813450980392158,164.79466666666667,e
cai,hover,23.97345098039216,170.63466666666667,e
cai,hover,16.943450980392157,171.82466666666667,e
cai,hover,34.923450980392154,167.64466666666667,e
cai,hover,20.11345098039216,169.83466666666666,e
cai,hover,25.923450980392158,170.23466666666667,e
cai,hover,23.033450980392157,158.35466666666667,e
cai,hover,31.513450980392157,166.12466666666668,e
cai,hover,31.673450980392154,154.63466666666667,e
cai,hover,29.633450980392155,156.29466666666667,e
cai,hover,27.353450980392157,165.34466666666668,e
cai,hover,31.013450980392157,166.13466666666667,e
cai,hover,27.20345098039216,166.38466666666667,e
cai,hover,20.013450980392157,170.13466666666667,e
cai,hover,28.883450980392155,159.61466666666666,e
cai,hover,28.00345098039216,162.30466666666666,e
cai,hover,29.123450980392157,158.76466666666667,e
cai,hover,35.523450980392155,159.58466666666666,e
cai,hover,35.413450980392156,157.72466666666668,e
cai,hover,35.10345098039216,159.20466666666667,e
cai,hover,28.61345098039216,155.90466666666669,e
cai,hover,27.79345098039216,154.87466666666668,e
cai,hover,27.743450980392154,154.78466666666668,e
cai,hover,11.513450980392157,158.63466666666667,e
cai,hover,35.90345098039216,160.77466666666666,e
cai,hover,30.983450980392156,157.1846666666667,e
cai,hover,35.51345098039216,159.14466666666667,e
cai,hover,26.503450980392156,161.54466666666667,e
cai,hover,32.00345098039216,167.60466666666667,e
cai,hover,24.52345098039216,164.13466666666667,e
cai,hover,38.993450980392154,166.63466666666667,e
cai,hover,34.04345098039216,169.88466666666667,e
cai,hover,36.10345098039216,165.13466666666667,e
cai,hover,27.403450980392158,158.36466666666666,e
cai,hover,17.033450980392157,164.58466666666666,e
cai,hover,22.673450980392158,174.25466666666668,e
cai,hover,24.003450980392156,166.89466666666667,e
cai,hover,30.803450980392157,166.52466666666666,e
cai,hover,41.093450980392156,162.7446666666667,e
cai,hover,23.153450980392158,162.39466666666667,e
cai,hover,26.643450980392156,165.33466666666666,e
cai,hover,26.873450980392157,167.9646666666667,e
cai,hover,43.51345098039216,152.12466666666668,e
cai,hover,35.51345098039216,158.63466666666667,e
cai,hover,39.72345098039216,163.03466666666668,e
cai,hover,31.513450980392157,158.4346666666667,e
cai,hover,31.513450980392157,162.13466666666667,e
cai,hover,32.773450980392155,161.37466666666668,e
cai,hover,28.763450980392157,167.26466666666667,e
cai,hover,35.05345098039216,168.17466666666667,e
cai,hover,39.32345098039216,143.35466666666667,f
cai,hover,37.993450980392154,150.06466666666668,f
cai,hover,34.203450980392155,146.98466666666667,f
cai,hover,41.923450980392154,158.19466666666668,f
cai,hover,43.913450980392156,155.01466666666667,f
cai,hover,43.35345098039216,150.08466666666666,f
cai,hover,35.51345098039216,154.62466666666668,f
cai,hover,48.47345098039216,153.94466666666668,f
cai,hover,39.90345098039216,146.02466666666666,f
cai,hover,41.79345098039216,152.08466666666666,f
cai,hover,45.813450980392155,150.70466666666667,f
cai,hover,31.513450980392157,142.83466666666666,f
cai,hover,31.513450980392157,149.2146666666667,f
cai,hover,36.22345098039216,155.78466666666668,f
cai,hover,29.493450980392154,144.61466666666666,f
cai,hover,31.513450980392157,142.22466666666668,f
cai,hover,35.39345098039216,154.1846666666667,f
cai,hover,46.79345098039216,149.63466666666667,f
cai,hover,47.133450980392155,159.9646666666667,f
cai,hover,46.11345098039216,147.22466666666668,f
cai,hover,31.61345098039216,148.13466666666667,f
cai,hover,32.03345098039216,147.65466666666669,f
cai,hover,32.55345098039216,147.02466666666666,f
cai,hover,42.90345098039216,150.97466666666668,f
cai,hover,50.86345098039216,156.60466666666667,f
cai,hover,36.75345098039216,152.06466666666668,f
cai,hover,45.173450980392154,158.63466666666667,f
cai,hover,41.673450980392154,149.9946666666667,f
cai,hover,43.343450980392156,140.97466666666668,f
cai,hover,27.903450980392158,142.26466666666667,f
cai,hover,35.87345098039216,151.40466666666669,f
cai,hover,38.563450980392155,154.95466666666667,f
cai,hover,43.51345098039216,151.35466666666667,f
cai,hover,42.65345098039216,152.91466666666668,f
cai,hover,31.923450980392154,158.63466666666667,g
cai,hover,32.58345098039216,155.42466666666667,g
cai,hover,42.343450980392156,150.51466666666667,g
cai,hover,31.913450980392156,155.32466666666667,g
cai,hover,60.16345098039216,143.28466666666668,g
cai,hover,51.14345098039216,147.36466666666666,g
cai,hover,35.51345098039216,151.1846666666667,g
cai,hover,55.51345098039216,151.14466666666667,g
cai,hover,30.93345098039216,157.89466666666667,g
cai,hover,32.71345098039216,155.81466666666668,g
cai,hover,35.51345098039216,156.67466666666667,g
cai,hover,31.513450980392157,158.75466666666668,g
cai,hover,31.833450980392158,155.33466666666666,g
cai,hover,54.87345098039216,145.29466666666667,g
cai,hover,31.173450980392154,156.53466666666668,g
cai,hover,35.43345098039216,152.55466666666666,g
cai,hover,38.273450980392155,149.81466666666668,g
cai,hover,42.18345098039216,153.75466666666668,g
cai,hover,28.25345098039216,154.7146666666667,g
cai,hover,27.43345098039216,154.25466666666668,g
cai,hover,60.01345098039216,146.14466666666667,g
cai,hover,48.07345098039216,146.63466666666667,g
cai,hover,25.88345098039216,161.16466666666668,g
cai,hover,55.51345098039216,156.65466666666669,g
cai,hover,32.593450980392156,156.1846666666667,g
cai,hover,47.04345098039216,148.84466666666668,g
cai,hover,28.903450980392158,156.20466666666667,g
cai,hover,49.10345098039216,153.6846666666667,h
cai,hover,43.923450980392154,154.89466666666667,h
cai,hover,47.173450980392154,144.29466666666667,h
cai,hover,43.28345098039216,146.11466666666666,h
cai,hover,51.51345098039216,147.92466666666667,h
cai,hover,43.51345098039216,142.63466666666667,h
cai,hover,52.313450980392155,151.03466666666668,h
cai,hover,64.02345098039217,150.9346666666667,h
cai,hover,56.75345098039216,159.13466666666667,h
cai,hover,58.733450980392156,149.78466666666668,h
cai,hover,44.773450980392155,156.51466666666667,h
cai,hover,52.483450980392156,154.42466666666667,h
cai,hover,55.023450980392155,158.63466666666667,h
cai,hover,66.70345098039215,150.25466666666668,h
cai,hover,54.97345098039216,150.81466666666668,h
cai,hover,59.923450980392154,149.11466666666666,h
cai,hover,56.51345098039216,150.66466666666668,h
cai,hover,55.51345098039216,146.63466666666667,h
cai,hover,55.51345098039216,142.63466666666667,h
cai,hover,43.173450980392154,158.2146666666667,h
cai,hover,34.673450980392154,147.63466666666667,h
cai,hover,48.60345098039216,156.10466666666667,h
cai,hover,40.14345098039216,146.52466666666666,h
cai,hover,51.51345098039216,150.98466666666667,h
cai,hover,55.733450980392156,154.63466666666667,h
cai,hover,53.78345098039216,144.62466666666668,h
cai,hover,43.89345098039216,152.10466666666667,h
cai,hover,46.53345098039216,154.63466666666667,h
cai,hover,47.80345098039216,155.13466666666667,h
cai,hover,43.993450980392154,149.95466666666667,h
cai,hover,47.51345098039216,158.94466666666668,h
cai,hover,59.61345098039215,148.9346666666667,h
cai,hover,47.72345098039216,146.42466666666667,h
cai,hover,46.023450980392155,142.86466666666666,h
cai,hover,56.703450980392155,154.63466666666667,h
cai,hover,43.01345098039216,149.14466666666667,h
cai,hover,44.03345098039216,150.86466666666666,h
cai,hover,55.94345098039216,150.20466666666667,h
cai,hover,59.51345098039216,143.83466666666666,h
cai,hover,61.54345098039216,148.63466666666667,h
cai,hover,39.22345098039216,135.62466666666666,h
cai,hover,62.72345098039215,160.38466666666667,h
cai,hover,54.36345098039216,154.32466666666667,h
cai,hover,53.01345098039216,142.63466666666667,h
cai,hover,51.51345098039216,145.16466666666668,h
cai,hover,42.03345098039216,145.12466666666668,h
cai,hover,64.02345098039217,148.86466666666666,h
cai,hover,45.53345098039216,146.45466666666667,h
cai,hover,51.32345098039216,150.63466666666667,h
cai,hover,48.64345098039216,147.76466666666667,h
cai,hover,44.01345098039216,150.65466666666669,h
cai,hover,56.44345098039216,150.04466666666667,h
cai,hover,55.773450980392155,154.35466666666667,h
cai,hover,47.25345098039216,150.77466666666666,h
cai,hover,62.93345098039216,153.20466666666667,h
cai,hover,51.19345098039216,157.6846666666667,h
cai,hover,51.51345098039216,146.85466666666667,h
cai,hover,64.69345098039216,138.1446666666667,h
cai,hover,51.83345098039216,155.50466666666668,h
cai,hover,52.423450980392154,144.2146666666667,h
cai,hover,51.01345098039216,152.62466666666668,h
cai,hover,59.51345098039216,140.39466666666667,h
cai,hover,60.99345098039216,148.4646666666667,h
cai,hover,51.51345098039216,150.13466666666667,h
cai,hover,43.983450980392156,142.63466666666667,h
cai,hover,51.35345098039216,150.63466666666667,h
cai,hover,44.633450980392155,150.15466666666669,h
cai,hover,56.413450980392156,150.40466666666669,h
cai,hover,55.51345098039216,146.82466666666667,h
cai,hover,55.08345098039216,146.29466666666667,h
cai,hover,55.51345098039216,140.65466666666669,h
cai,hover,59.51345098039216,146.4346666666667,h
cai,hover,55.51345098039216,151.61466666666666,h
cai,hover,59.51345098039216,171.84466666666668,i
cai,hover,63.443450980392164,166.26466666666667,i
cai,hover,63.12345098039216,165.08466666666666,i
cai,hover,68.29345098039215,162.63466666666667,i
cai,hover,68.65345098039217,166.63466666666667,i
cai,hover,59.51345098039216,170.12466666666668,i
cai,hover,59.91345098039216,162.26466666666667,i
cai,hover,55.96345098039216,160.4946666666667,i
cai,hover,65.05345098039217,166.63466666666667,i
cai,hover,62.173450980392154,168.29466666666667,i
cai,hover,63.173450980392154,166.27466666666666,i
cai,hover,64.01345098039215,164.30466666666666,i
cai,hover,63.26345098039216,163.9346666666667,i
cai,hover,67.51345098039215,170.63466666666667,i
cai,hover,74.99345098039217,166.81466666666668,i
cai,hover,77.45345098039215,167.73466666666667,i
cai,hover,60.01345098039216,167.13466666666667,i
cai,hover,63.74345098039216,166.45466666666667,i
cai,hover,72.01345098039215,167.13466666666667,i
cai,hover,48.993450980392154,160.66466666666668,i
cai,hover,63.01345098039216,170.91466666666668,i
cai,hover,57.04345098039216,168.58466666666666,i
cai,hover,59.14345098039216,170.9946666666667,i
cai,hover,65.39345098039215,168.51466666666667,i
cai,hover,60.33345098039215,168.06466666666668,i
cai,hover,55.743450980392154,170.11466666666666,i
cai,hover,58.85345098039216,168.31466666666668,i
cai,hover,67.51345098039215,170.00466666666668,i
cai,hover,59.51345098039216,174.63466666666667,i
cai,hover,61.16345098039216,166.35466666666667,i
cai,hover,64.58345098039214,161.22466666666668,i
cai,hover,55.69345098039216,166.4646666666667,i
cai,hover,67.53345098039216,167.63466666666667,i
cai,hover,67.73345098039215,166.63466666666667,i
cai,hover,78.22345098039216,173.63466666666667,i
cai,hover,62.85345098039216,169.56466666666668,i
cai,hover,63.89345098039215,170.29466666666667,i
cai,hover,67.05345098039217,168.83466666666666,i
cai,hover,66.60345098039215,170.63466666666667,i
cai,hover,67.34345098039216,166.89466666666667,i
cai,hover,72.81345098039216,164.10466666666667,i
cai,hover,76.57345098039215,176.87466666666668,i
cai,hover,65.54345098039215,176.35466666666667,i
cai,hover,69.17345098039215,168.11466666666666,i
cai,hover,65.78345098039216,169.98466666666667,i
cai,hover,67.91345098039216,162.87466666666668,i
cai,hover,60.02345098039216,170.14466666666667,i
cai,hover,63.83345098039215,165.88466666666667,i
cai,hover,67.59345098039216,164.75466666666668,i
cai,hover,60.99345098039216,162.63466666666667,i
cai,hover,69.74345098039217,166.59466666666668,i
cai,hover,56.93345098039216,165.54466666666667,i
cai,hover,65.55345098039217,166.63466666666667,i
cai,hover,62.89345098039215,169.42466666666667,i
cai,hover,63.51345098039216,166.83466666666666,i
cai,hover,68.00345098039216,170.35466666666667,i
cai,hover,68.77345098039217,166.34466666666668,i
cai,hover,67.03345098039216,167.40466666666669,i
cai,hover,63.303450980392164,168.12466666666668,i
cai,hover,71.74345098039217,172.15466666666669,i
cai,hover,53.743450980392154,171.51466666666667,i
cai,hover,67.87345098039216,167.40466666666669,i
cai,hover,74.40345098039217,171.91466666666668,i
cai,hover,77.38345098039215,173.51466666666667,i
cai,hover,66.94345098039216,174.22466666666668,i
cai,hover,66.67345098039215,166.63466666666667,i
cai,hover,65.87345098039216,168.30466666666666,i
cai,hover,72.27345098039217,166.85466666666667,i
cai,hover,63.13345098039216,166.27466666666666,i
cai,hover,64.12345098039216,170.4346666666667,i
cai,hover,62.33345098039215,166.63466666666667,i
cai,hover,63.49345098039216,166.86466666666666,i
cai,hover,63.65345098039216,167.94466666666668,i
cai,hover,72.80345098039217,166.30466666666666,i
cai,hover,62.52345098039216,163.40466666666669,i
cai,hover,68.85345098039215,164.70466666666667,i
cai,hover,55.453450980392155,161.38466666666667,i
cai,hover,67.84345098039216,163.00466666666668,i
cai,hover,75.18345098039217,159.47466666666668,i
cai,hover,67.02345098039217,160.60466666666667,i
cai,hover,67.37345098039216,166.95466666666667,i
cai,hover,72.00345098039216,174.41466666666668,i
cai,hover,63.13345098039216,168.56466666666668,i
cai,hover,68.71345098039217,174.94466666666668,i
cai,hover,67.94345098039216,170.87466666666668,i
cai,hover,77.82345098039215,170.63466666666667,i
cai,hover,70.75345098039216,180.07466666666667,i
cai,hover,79.92345098039215,164.36466666666666,i
cai,hover,71.91345098039216,173.36466666666666,i
cai,hover,60.193450980392164,172.9346666666667,i
cai,hover,63.97345098039215,176.03466666666668,i
cai,hover,62.46345098039216,174.29466666666667,i
cai,hover,51.40345098039216,151.76466666666667,j
cai,hover,50.79345098039216,150.63466666666667,j
cai,hover,55.51345098039216,154.4346666666667,j
cai,hover,55.35345098039216,150.63466666666667,j
cai,hover,58.883450980392155,150.29466666666667,j
cai,hover,59.15345098039216,155.90466666666669,j
cai,hover,55.733450980392156,151.50466666666668,j
cai,hover,58.85345098039216,149.06466666666668,j
cai,hover,58.733450980392156,150.63466666666667,j
cai,hover,64.59345098039216,154.83466666666666,j
cai,hover,41.773450980392155,154.41466666666668,j
cai,hover,63.51345098039216,157.13466666666667,j
cai,hover,56.00345098039216,150.44466666666668,j
cai,hover,57.663450980392156,154.42466666666667,j
cai,hover,53.00345098039216,155.20466666666667,j
cai,hover,67.51345098039215,156.42466666666667,k
cai,hover,68.13345098039215,150.1846666666667,k
cai,hover,54.39345098039216,157.83466666666666,k
cai,hover,60.63345098039216,151.52466666666666,k
cai,hover,52.51345098039216,150.66466666666668,k
cai,hover,56.87345098039216,154.4346666666667,k
cai,hover,73.88345098039215,158.58466666666666,k
cai,hover,55.51345098039216,152.61466666666666,k
cai,hover,61.803450980392164,157.65466666666669,k
cai,hover,64.60345098039215,150.17466666666667,k
cai,hover,83.11345098039214,158.89466666666667,k
cai,hover,43.703450980392155,151.69466666666668,k
cai,hover,63.51345098039216,154.22466666666668,k
cai,hover,64.70345098039215,161.12466666666668,k
cai,hover,54.12345098039216,154.15466666666669,k
cai,hover,65.78345098039216,148.2146666666667,k
cai,hover,63.51345098039216,142.85466666666667,k
cai,hover,71.51345098039215,152.63466666666667,k
cai,hover,63.01345098039216,163.09466666666668,k
cai,hover,62.733450980392156,156.50466666666668,l
cai,hover,68.79345098039215,146.4346666666667,l
cai,hover,82.30345098039217,152.14466666666667,l
cai,hover,79.90345098039217,155.22466666666668,l
cai,hover,72.88345098039215,151.9946666666667,l
cai,hover,76.49345098039217,150.9346666666667,l
cai,hover,71.99345098039217,153.53466666666668,l
cai,hover,73.29345098039215,155.45466666666667,l
cai,hover,75.90345098039217,151.37466666666668,l
cai,hover,71.66345098039216,146.78466666666668,l
cai,hover,59.51345098039216,144.78466666666668,l
cai,hover,58.79345098039216,150.63466666666667,l
cai,hover,67.51345098039215,154.63466666666667,l
cai,hover,76.51345098039215,153.63466666666667,l
cai,hover,61.27345098039216,146.17466666666667,l
cai,hover,83.23345098039215,155.41466666666668,l
cai,hover,75.88345098039215,155.89466666666667,l
cai,hover,74.76345098039215,155.09466666666668,l
cai,hover,72.65345098039217,154.7146666666667,l
cai,hover,60.093450980392156,142.40466666666669,l
cai,hover,71.08345098039214,146.52466666666666,l
cai,hover,73.30345098039217,149.88466666666667,l
cai,hover,73.33345098039214,150.63466666666667,l
cai,hover,71.66345098039216,156.4346666666667,l
cai,hover,70.43345098039217,152.15466666666669,l
cai,hover,79.35345098039215,155.10466666666667,l
cai,hover,83.03345098039216,164.92466666666667,l
cai,hover,70.88345098039215,158.27466666666666,l
cai,hover,80.22345098039216,150.63466666666667,l
cai,hover,79.51345098039215,144.63466666666667,l
cai,hover,76.37345098039216,151.23466666666667,l
cai,hover,75.40345098039217,151.44466666666668,l
cai,hover,73.79345098039215,154.38466666666667,l
cai,hover,71.19345098039216,147.62466666666668,l
cai,hover,73.01345098039215,150.63466666666667,l
cai,hover,73.51345098039215,154.63466666666667,l
cai,hover,90.60345098039215,161.55466666666666,l
cai,hover,72.02345098039217,162.63466666666667,l
cai,hover,43.51345098039216,138.63466666666667,m
cai,hover,59.51345098039216,144.85466666666667,m
cai,hover,67.51345098039215,144.53466666666668,m
cai,hover,64.80345098039217,138.63466666666667,m
cai,hover,53.78345098039216,139.20466666666667,m
cai,hover,61.733450980392156,142.63466666666667,m
cai,hover,59.813450980392155,136.40466666666669,m
cai,hover,63.12345098039216,145.45466666666667,m
cai,hover,63.89345098039215,149.77466666666666,m
cai,hover,59.51345098039216,138.9946666666667,m
cai,hover,57.133450980392155,144.97466666666668,m
cai,hover,68.62345098039216,144.29466666666667,m
cai,hover,71.75345098039216,142.39466666666667,m
cai,hover,61.51345098039216,142.63466666666667,m
cai,hover,43.93345098039216,140.52466666666666,m
cai,hover,59.51345098039216,137.98466666666667,m
cai,hover,63.74345098039216,138.63466666666667,m
cai,hover,63.953450980392155,146.05466666666666,m
cai,hover,58.53345098039216,136.63466666666667,m
cai,hover,71.51345098039215,142.63466666666667,m
cai,hover,45.96345098039216,142.63466666666667,m
cai,hover,56.00345098039216,138.63466666666667,m
cai,hover,55.563450980392155,146.63466666666667,m
cai,hover,51.983450980392156,142.6846666666667,m
cai,hover,67.51345098039215,140.19466666666668,m
cai,hover,61.53345098039215,146.63466666666667,m
cai,hover,57.82345098039216,138.63466666666667,m
cai,hover,64.62345098039216,137.70466666666667,m
cai,hover,57.85345098039216,138.77466666666666,m
cai,hover,64.96345098039217,137.76466666666667,m
cai,hover,68.37345098039216,135.18466666666666,m
cai,hover,65.40345098039217,135.19466666666668,m
cai,hover,62.40345098039216,134.07466666666667,m
cai,hover,54.35345098039216,140.58466666666666,m
cai,hover,66.68345098039217,139.80466666666666,m
cai,hover,71.02345098039217,145.16466666666668,m
cai,hover,65.02345098039217,139.15466666666669,m
cai,hover,59.51345098039216,141.47466666666668,m
cai,hover,56.813450980392155,144.2146666666667,m
cai,hover,42.69345098039216,148.81466666666668,n
cai,hover,43.72345098039216,142.84466666666668,n
cai,hover,46.43345098039216,146.63466666666667,n
cai,hover,51.37345098039216,138.49466666666666,n
cai,hover,55.51345098039216,146.95466666666667,n
cai,hover,54.21345098039216,142.35466666666667,n
cai,hover,51.51345098039216,139.12466666666668,n
cai,hover,45.85345098039216,142.4646666666667,n
cai,hover,46.563450980392155,138.04466666666667,n
cai,hover,43.69345098039216,138.45466666666667,n
cai,hover,53.733450980392156,139.27466666666666,n
cai,hover,55.51345098039216,141.53466666666668,n
cai,hover,55.51345098039216,142.12466666666668,n
cai,hover,47.51345098039216,140.94466666666668,n
cai,hover,60.193450980392164,135.75466666666668,n
cai,hover,55.51345098039216,137.63466666666667,n
cai,hover,51.26345098039216,141.62466666666668,n
cai,hover,54.313450980392155,138.63466666666667,n
cai,hover,60.51345098039216,142.94466666666668,n
cai,hover,61.27345098039216,146.38466666666667,n
cai,hover,49.47345098039216,138.72466666666668,n
cai,hover,51.47345098039216,135.16466666666668,n
cai,hover,55.51345098039216,145.4646666666667,n
cai,hover,43.03345098039216,141.56466666666668,n
cai,hover,52.493450980392154,144.04466666666667,n
cai,hover,39.71345098039216,141.14466666666667,n
cai,hover,50.35345098039216,144.10466666666667,n
cai,hover,43.01345098039216,143.11466666666666,n
cai,hover,49.233450980392156,142.53466666666668,n
cai,hover,43.51345098039216,142.63466666666667,n
cai,hover,42.65345098039216,142.63466666666667,n
cai,hover,51.993450980392154,146.15466666666669,n
cai,hover,53.54345098039216,144.77466666666666,n
cai,hover,53.90345098039216,142.59466666666668,n
cai,hover,50.733450980392156,146.29466666666667,n
cai,hover,63.01345098039216,143.12466666666668,n
cai,hover,44.01345098039216,146.13466666666667,n
cai,hover,57.19345098039216,143.61466666666666,n
cai,hover,64.40345098039217,138.63466666666667,n
cai,hover,48.86345098039216,140.6846666666667,n
cai,hover,48.04345098039216,138.73466666666667,n
cai,hover,54.663450980392156,135.01466666666667,n
cai,hover,47.51345098039216,143.63466666666667,n
cai,hover,64.92345098039215,132.23466666666667,n
cai,hover,50.43345098039216,136.69466666666668,n
cai,hover,56.51345098039216,134.62466666666666,n
cai,hover,55.01345098039216,139.12466666666668,n
cai,hover,65.28345098039216,142.06466666666668,n
cai,hover,45.663450980392156,146.2446666666667,n
cai,hover,48.923450980392154,144.69466666666668,n
cai,hover,43.51345098039216,134.63466666666667,n
cai,hover,53.733450980392156,136.72466666666668,n
cai,hover,53.75345098039216,144.97466666666668,n
cai,hover,51.51345098039216,147.66466666666668,n
cai,hover,52.29345098039216,149.39466666666667,n
cai,hover,47.51345098039216,144.32466666666667,n
cai,hover,51.97345098039216,142.79466666666667,n
cai,hover,52.11345098039216,138.87466666666668,n
cai,hover,57.063450980392155,142.36466666666666,n
cai,hover,59.51345098039216,145.08466666666666,n
cai,hover,59.51345098039216,142.12466666666668,n
cai,hover,57.29345098039216,143.09466666666668,n
cai,hover,54.19345098039216,146.47466666666668,n
cai,hover,47.96345098039216,146.84466666666668,n
cai,hover,59.51345098039216,150.11466666666666,n
cai,hover,49.85345098039216,138.89466666666667,n
cai,hover,56.35345098039216,144.36466666666666,n
cai,hover,43.12345098039216,138.26466666666667,n
cai,hover,48.15345098039216,148.09466666666668,n
cai,hover,43.72345098039216,147.03466666666668,n
cai,hover,59.51345098039216,146.42466666666667,n
cai,hover,47.51345098039216,146.14466666666667,n
cai,hover,65.29345098039215,138.86466666666666,n
cai,hover,43.51345098039216,143.66466666666668,n
cai,hover,70.28345098039216,171.92466666666667,o
cai,hover,65.87345098039216,171.59466666666668,o
cai,hover,65.85345098039215,167.7446666666667,o
cai,hover,69.41345098039216,170.20466666666667,o
cai,hover,71.20345098039215,166.94466666666668,o
cai,hover,74.61345098039214,161.26466666666667,o
cai,hover,76.01345098039215,164.12466666666668,o
cai,hover,78.30345098039217,166.63466666666667,o
cai,hover,71.15345098039217,166.25466666666668,o
cai,hover,69.87345098039216,166.06466666666668,o
cai,hover,75.03345098039216,162.63466666666667,o
cai,hover,77.94345098039216,165.6846666666667,o
cai,hover,79.85345098039215,164.20466666666667,o
cai,hover,73.88345098039215,170.75466666666668,o
cai,hover,74.43345098039217,171.4946666666667,o
cai,hover,75.06345098039216,165.91466666666668,o
cai,hover,72.26345098039215,165.34466666666668,o
cai,hover,79.51345098039215,166.63466666666667,o
cai,hover,83.34345098039216,164.10466666666667,o
cai,hover,75.51345098039215,165.78466666666668,o
cai,hover,73.37345098039216,168.08466666666666,o
cai,hover,67.97345098039216,162.63466666666667,o
cai,hover,72.00345098039216,167.13466666666667,o
cai,hover,74.09345098039216,166.50466666666668,o
cai,hover,75.51345098039215,163.09466666666668,o
cai,hover,71.64345098039215,162.75466666666668,o
cai,hover,75.99345098039217,166.63466666666667,o
cai,hover,71.51345098039215,163.1846666666667,o
cai,hover,71.51345098039215,166.89466666666667,o
cai,hover,78.71345098039217,166.65466666666669,o
cai,hover,71.13345098039215,168.03466666666668,o
cai,hover,75.76345098039215,170.30466666666666,o
cai,hover,77.03345098039216,171.08466666666666,o
cai,hover,64.16345098039216,166.63466666666667,o
cai,hover,67.83345098039214,166.86466666666666,o
cai,hover,77.58345098039214,174.64466666666667,o
cai,hover,76.83345098039214,174.26466666666667,o
cai,hover,70.99345098039217,167.9946666666667,o
cai,hover,71.85345098039215,166.97466666666668,o
cai,hover,68.02345098039217,166.63466666666667,o
cai,hover,76.65345098039217,167.07466666666667,o
cai,hover,68.35345098039215,170.63466666666667,o
cai,hover,75.80345098039217,174.65466666666669,o
cai,hover,62.35345098039216,169.47466666666668,o
cai,hover,68.01345098039215,174.13466666666667,o
cai,hover,59.803450980392164,167.14466666666667,o
cai,hover,60.693450980392164,162.63466666666667,o
cai,hover,75.75345098039216,171.04466666666667,o
cai,hover,66.51345098039215,170.63466666666667,o
cai,hover,72.86345098039214,168.51466666666667,o
cai,hover,69.55345098039217,166.63466666666667,o
cai,hover,69.91345098039216,166.88466666666667,o
cai,hover,76.41345098039216,162.29466666666667,o
cai,hover,84.24345098039217,168.65466666666669,o
cai,hover,73.52345098039217,166.23466666666667,o
cai,hover,84.19345098039216,169.47466666666668,o
cai,hover,78.22345098039216,172.04466666666667,o
cai,hover,75.37345098039216,167.14466666666667,o
cai,hover,75.51345098039215,165.47466666666668,o
cai,hover,67.65345098039217,174.77466666666666,o
cai,hover,73.07345098039215,167.86466666666666,o
cai,hover,74.92345098039215,167.36466666666666,o
cai,hover,70.85345098039215,164.04466666666667,o
cai,hover,63.58345098039215,162.13466666666667,o
cai,hover,62.01345098039216,162.63466666666667,o
cai,hover,72.26345098039215,167.64466666666667,o
cai,hover,77.51345098039215,165.40466666666669,o
cai,hover,74.53345098039216,171.63466666666667,o
cai,hover,88.00345098039216,174.63466666666667,o
cai,hover,76.78345098039216,174.72466666666668,o
cai,hover,75.76345098039215,170.98466666666667,o
cai,hover,78.31345098039216,167.06466666666668,o
cai,hover,72.00345098039216,173.13466666666667,o
cai,hover,76.49345098039217,171.45466666666667,o
cai,hover,76.78345098039216,171.11466666666666,o
cai,hover,74.21345098039217,167.01466666666667,o
cai,hover,81.93345098039217,158.22466666666668,o
cai,hover,76.29345098039215,171.12466666666668,o
cai,hover,79.51345098039215,166.63466666666667,o
cai,hover,73.05345098039217,163.45466666666667,o
cai,hover,76.37345098039216,168.79466666666667,o
cai,hover,71.88345098039215,170.25466666666668,o
cai,hover,79.51345098039215,170.13466666666667,o
cai,hover,80.99345098039217,174.63466666666667,o
cai,hover,72.79345098039215,173.19466666666668,o
cai,hover,75.02345098039217,170.84466666666668,o
cai,hover,83.89345098039215,178.23466666666667,o
cai,hover,80.20345098039215,177.02466666666666,o
cai,hover,70.25345098039216,178.76466666666667,o
cai,hover,76.72345098039216,174.63466666666667,o
cai,hover,71.51345098039215,173.15466666666669,o
cai,hover,77.51345098039215,166.63466666666667,o
cai,hover,77.67345098039215,165.50466666666668,o
cai,hover,75.04345098039215,170.97466666666668,o
cai,hover,72.14345098039215,168.9346666666667,o
cai,hover,61.71345098039216,162.79466666666667,o
cai,hover,58.83345098039216,162.88466666666667,o
cai,hover,66.59345098039216,166.83466666666666,o
cai,hover,67.11345098039214,163.01466666666667,o
cai,hover,79.51345098039215,162.69466666666668,o
cai,hover,77.51345098039215,166.63466666666667,o
cai,hover,79.51345098039215,163.64466666666667,o
cai,hover,76.30345098039217,168.7446666666667,o
cai,hover,76.02345098039217,174.35466666666667,o
cai,hover,72.38345098039215,174.76466666666667,o
cai,hover,70.20345098039215,174.00466666666668,o
cai,hover,75.17345098039215,170.63466666666667,o
cai,hover,68.11345098039214,170.87466666666668,o
cai,hover,72.81345098039216,174.45466666666667,o
cai,hover,79.51345098039215,166.63466666666667,o
cai,hover,91.26345098039215,158.63466666666667,o
cai,hover,79.51345098039215,168.12466666666668,o
cai,hover,79.51345098039215,168.65466666666669,o
cai,hover,78.30345098039217,174.4346666666667,o
cai,hover,83.76345098039215,169.91466666666668,o
cai,hover,72.57345098039215,174.44466666666668,o
cai,hover,71.51345098039215,162.63466666666667,p
cai,hover,86.93345098039217,166.36466666666666,p
cai,hover,87.45345098039215,166.63466666666667,p
cai,hover,78.75345098039216,162.63466666666667,p
cai,hover,80.43345098039217,166.63466666666667,p
cai,hover,79.51345098039215,170.14466666666667,p
cai,hover,76.51345098039215,167.17466666666667,p
cai,hover,71.39345098039215,163.67466666666667,p
cai,hover,73.01345098039215,167.62466666666668,p
cai,hover,72.15345098039217,169.14466666666667,p
cai,hover,71.69345098039216,162.81466666666668,p
cai,hover,86.38345098039215,166.63466666666667,p
cai,hover,83.51345098039215,170.63466666666667,p
cai,hover,80.98345098039215,157.41466666666668,p
cai,hover,76.52345098039217,164.9346666666667,p
cai,hover,67.74345098039217,162.72466666666668,p
cai,hover,69.16345098039216,175.4946666666667,p
cai,hover,83.51345098039215,178.34466666666668,p
cai,hover,79.74345098039217,171.12466666666668,p
cai,hover,71.25345098039216,162.6846666666667,p
cai,hover,71.51345098039215,168.41466666666668,p
cai,hover,76.24345098039217,164.34466666666668,p
cai,hover,75.70345098039215,163.44466666666668,p
cai,hover,87.51345098039215,163.63466666666667,p
cai,hover,79.51345098039215,173.92466666666667,p
cai,hover,75.51345098039215,175.14466666666667,p
cai,hover,11.513450980392157,168.4346666666667,q
cai,hover,18.213450980392157,162.40466666666669,q
cai,hover,16.783450980392157,162.2146666666667,q
cai,hover,14.723450980392158,158.91466666666668,q
cai,hover,19.713450980392157,162.81466666666668,q
cai,hover,15.693450980392157,162.81466666666668,q
cai,hover,11.513450980392157,168.4346666666667,q
cai,hover,15.133450980392158,163.38466666666667,q
cai,hover,23.343450980392156,164.32466666666667,q
cai,hover,20.483450980392156,159.81466666666668,q
cai,hover,35.22345098039216,155.63466666666667,q
cai,hover,17.443450980392157,165.2146666666667,q
cai,hover,36.26345098039216,165.7146666666667,r
cai,hover,36.60345098039216,165.02466666666666,r
cai,hover,30.50345098039216,162.80466666666666,r
cai,hover,43.273450980392155,166.88466666666667,r
cai,hover,35.51345098039216,170.03466666666668,r
cai,hover,43.923450980392154,173.85466666666667,r
cai,hover,43.51345098039216,153.7146666666667,r
cai,hover,31.373450980392157,163.50466666666668,r
cai,hover,30.903450980392158,154.23466666666667,r
cai,hover,36.19345098039216,163.02466666666666,r
cai,hover,47.57345098039216,162.58466666666666,r
cai,hover,29.443450980392157,155.86466666666666,r
cai,hover,35.01345098039216,158.63466666666667,r
cai,hover,39.51345098039216,170.69466666666668,r
cai,hover,39.063450980392155,166.63466666666667,r
cai,hover,48.023450980392155,166.63466666666667,r
cai,hover,29.913450980392156,162.22466666666668,r
cai,hover,36.04345098039216,158.92466666666667,r
cai,hover,37.07345098039216,162.38466666666667,r
cai,hover,35.633450980392155,155.95466666666667,r
cai,hover,32.35345098039216,168.69466666666668,r
cai,hover,36.523450980392155,167.39466666666667,r
cai,hover,50.33345098039216,166.72466666666668,r
cai,hover,53.023450980392155,166.42466666666667,r
cai,hover,35.51345098039216,170.01466666666667,r
cai,hover,31.513450980392157,164.47466666666668,r
cai,hover,45.72345098039216,166.7146666666667,r
cai,hover,35.00345098039216,166.01466666666667,r
cai,hover,20.573450980392156,161.2446666666667,r
cai,hover,29.763450980392157,161.58466666666666,r
cai,hover,29.303450980392157,156.42466666666667,r
cai,hover,31.023450980392155,166.14466666666667,r
cai,hover,43.85345098039216,170.63466666666667,r
cai,hover,36.01345098039216,158.14466666666667,r
cai,hover,43.51345098039216,160.64466666666667,r
cai,hover,35.69345098039216,155.90466666666669,r
cai,hover,24.423450980392158,162.08466666666666,r
cai,hover,47.71345098039216,170.63466666666667,r
cai,hover,33.46345098039216,169.84466666666668,r
cai,hover,46.843450980392156,162.63466666666667,r
cai,hover,47.51345098039216,167.83466666666666,r
cai,hover,36.773450980392155,164.85466666666667,r
cai,hover,48.343450980392156,162.63466666666667,r
cai,hover,39.273450980392155,166.36466666666666,r
cai,hover,30.483450980392156,163.09466666666668,r
cai,hover,52.35345098039216,171.9646666666667,r
cai,hover,54.21345098039216,170.31466666666668,r
cai,hover,44.593450980392156,157.85466666666667,r
cai,hover,51.01345098039216,157.13466666666667,r
cai,hover,51.913450980392156,171.42466666666667,r
cai,hover,55.53345098039216,174.64466666666667,r
cai,hover,30.14345098039216,162.55466666666666,r
cai,hover,27.443450980392157,161.91466666666668,r
cai,hover,28.53345098039216,160.84466666666668,r
cai,hover,35.51345098039216,162.44466666666668,r
cai,hover,38.14345098039216,157.75466666666668,r
cai,hover,40.50345098039216,170.63466666666667,r
cai,hover,40.273450980392155,167.37466666666668,r
cai,hover,35.72345098039216,162.04466666666667,r
cai,hover,31.993450980392154,168.28466666666668,r
cai,hover,47.11345098039216,166.32466666666667,r
cai,hover,36.21345098039216,161.17466666666667,r
cai,hover,35.53345098039216,159.51466666666667,r
cai,hover,27.193450980392157,162.15466666666669,r
cai,hover,43.983450980392156,163.05466666666666,r
cai,hover,31.903450980392158,162.82466666666667,r
cai,hover,33.00345098039216,161.64466666666667,r
cai,hover,57.22345098039216,170.7446666666667,r
cai,hover,37.01345098039216,162.13466666666667,r
cai,hover,43.50345098039216,162.36466666666666,r
cai,hover,39.08345098039216,170.63466666666667,r
cai,hover,54.30345098039216,178.16466666666668,r
cai,hover,39.51345098039216,174.63466666666667,r
cai,hover,55.21345098039216,166.63466666666667,r
cai,hover,56.79345098039216,165.52466666666666,r
cai,hover,44.33345098039216,158.50466666666668,r
cai,hover,51.76345098039216,158.44466666666668,r
cai,hover,35.29345098039216,156.72466666666668,r
cai,hover,37.32345098039216,157.91466666666668,r
cai,hover,57.22345098039216,165.2446666666667,r
cai,hover,34.19345098039216,158.76466666666667,r
cai,hover,35.94345098039216,162.70466666666667,r
cai,hover,36.80345098039216,162.20466666666667,r
cai,hover,35.51345098039216,170.63466666666667,r
cai,hover,50.97345098039216,175.62466666666668,r
cai,hover,31.513450980392157,173.84466666666668,r
cai,hover,39.203450980392155,165.17466666666667,r
cai,hover,46.983450980392156,164.28466666666668,r
cai,hover,63.22345098039215,166.63466666666667,r
cai,hover,55.80345098039216,166.12466666666668,r
cai,hover,40.773450980392155,164.10466666666667,r
cai,hover,52.743450980392154,171.40466666666669,r
cai,hover,52.093450980392156,166.6846666666667,r
cai,hover,47.51345098039216,177.77466666666666,r
cai,hover,14.643450980392156,158.2446666666667,s
cai,hover,23.513450980392157,153.82466666666667,s
cai,hover,28.993450980392154,153.48466666666667,s
cai,hover,27.163450980392156,146.41466666666668,s
cai,hover,15.753450980392156,149.63466666666667,s
cai,hover,18.783450980392157,146.9946666666667,s
cai,hover,21.853450980392157,150.87466666666668,s
cai,hover,26.29345098039216,149.54466666666667,s
cai,hover,26.343450980392156,152.55466666666666,s
cai,hover,20.493450980392158,148.61466666666666,s
cai,hover,28.273450980392155,154.45466666666667,s
cai,hover,18.763450980392157,147.10466666666667,s
cai,hover,21.643450980392156,150.26466666666667,s
cai,hover,28.133450980392155,151.26466666666667,s
cai,hover,19.513450980392157,152.4346666666667,s
cai,hover,19.63345098039216,152.9646666666667,s
cai,hover,33.243450980392154,151.00466666666668,s
cai,hover,23.513450980392157,154.13466666666667,s
cai,hover,19.263450980392157,150.04466666666667,s
cai,hover,20.38345098039216,150.09466666666668,s
cai,hover,19.213450980392157,149.77466666666666,s
cai,hover,18.983450980392156,149.00466666666668,s
cai,hover,30.403450980392158,155.57466666666667,s
cai,hover,28.013450980392157,156.4346666666667,s
cai,hover,19.243450980392158,155.05466666666666,s
cai,hover,27.013450980392157,154.12466666666668,s
cai,hover,20.63345098039216,144.73466666666667,s
cai,hover,23.513450980392157,144.81466666666668,s
cai,hover,28.32345098039216,154.7446666666667,s
cai,hover,30.68345098039216,154.48466666666667,s
cai,hover,31.803450980392157,155.03466666666668,s
cai,hover,22.88345098039216,150.33466666666666,s
cai,hover,27.89345098039216,149.77466666666666,s
cai,hover,31.923450980392154,147.73466666666667,s
cai,hover,27.013450980392157,146.81466666666668,s
cai,hover,20.243450980392158,140.9646666666667,s
cai,hover,27.513450980392157,142.83466666666666,s
cai,hover,22.583450980392158,155.77466666666666,s
cai,hover,21.713450980392157,150.17466666666667,s
cai,hover,19.963450980392157,143.04466666666667,s
cai,hover,27.063450980392158,154.29466666666667,s
cai,hover,21.22345098039216,151.10466666666667,s
cai,hover,23.513450980392157,144.41466666666668,s
cai,hover,18.54345098039216,147.69466666666668,s
cai,hover,27.833450980392158,149.65466666666669,s
cai,hover,35.64345098039216,158.25466666666668,s
cai,hover,17.88345098039216,150.10466666666667,s
cai,hover,20.303450980392157,156.22466666666668,s
cai,hover,21.513450980392157,159.11466666666666,s
cai,hover,28.32345098039216,157.66466666666668,s
cai,hover,23.52345098039216,158.25466666666668,s
cai,hover,24.13345098039216,151.60466666666667,s
cai,hover,18.573450980392156,155.4646666666667,s
cai,hover,26.583450980392158,150.56466666666668,s
cai,hover,11.513450980392157,145.63466666666667,s
cai,hover,23.653450980392158,154.08466666666666,s
cai,hover,21.86345098039216,150.7446666666667,s
cai,hover,23.643450980392156,146.53466666666668,s
cai,hover,25.43345098039216,154.02466666666666,s
cai,hover,27.033450980392157,154.42466666666667,s
cai,hover,19.513450980392157,147.11466666666666,s
cai,hover,29.193450980392157,144.47466666666668,s
cai,hover,34.71345098039216,147.9946666666667,s
cai,hover,27.243450980392158,143.11466666666666,s
cai,hover,26.333450980392158,144.67466666666667,s
cai,hover,26.013450980392157,153.63466666666667,s
cai,hover,23.79345098039216,147.95466666666667,s
cai,hover,34.43345098039216,148.15466666666669,s
cai,hover,27.883450980392155,143.31466666666668,s
cai,hover,20.003450980392156,158.42466666666667,s
cai,hover,28.07345098039216,154.45466666666667,s
cai,hover,20.20345098039216,160.04466666666667,s
cai,hover,19.29345098039216,153.76466666666667,s
cai,hover,28.133450980392155,150.90466666666669,s
cai,hover,30.383450980392155,156.17466666666667,s
cai,hover,39.413450980392156,141.9946666666667,s
cai,hover,22.513450980392157,158.75466666666668,s
cai,hover,21.36345098039216,151.62466666666668,s
cai,hover,16.963450980392157,155.77466666666666,s
cai,hover,36.36345098039216,166.29466666666667,t
cai,hover,36.94345098039216,158.63466666666667,t
cai,hover,27.86345098039216,155.2146666666667,t
cai,hover,41.993450980392154,170.07466666666667,t
cai,hover,35.30345098039216,159.14466666666667,t
cai,hover,42.133450980392155,163.02466666666666,t
cai,hover,42.313450980392155,162.26466666666667,t
cai,hover,48.203450980392155,162.63466666666667,t
cai,hover,48.313450980392155,162.63466666666667,t
cai,hover,21.243450980392158,156.36466666666666,t
cai,hover,44.423450980392154,165.72466666666668,t
cai,hover,44.18345098039216,167.09466666666668,t
cai,hover,43.51345098039216,168.53466666666668,t
cai,hover,47.673450980392154,165.9946666666667,t
cai,hover,35.203450980392155,158.79466666666667,t
cai,hover,50.273450980392155,168.52466666666666,t
cai,hover,50.023450980392155,165.4346666666667,t
cai,hover,40.61345098039216,160.91466666666668,t
cai,hover,38.65345098039216,166.37466666666668,t
cai,hover,41.04345098039216,165.88466666666667,t
cai,hover,46.87345098039216,167.10466666666667,t
cai,hover,43.313450980392155,162.63466666666667,t
cai,hover,39.72345098039216,163.14466666666667,t
cai,hover,46.93345098039216,166.57466666666667,t
cai,hover,41.523450980392155,162.63466666666667,t
cai,hover,26.713450980392157,162.13466666666667,t
cai,hover,35.51345098039216,169.64466666666667,t
cai,hover,46.273450980392155,165.95466666666667,t
cai,hover,46.313450980392155,167.32466666666667,t
cai,hover,29.653450980392158,158.2146666666667,t
cai,hover,30.453450980392155,159.32466666666667,t
cai,hover,49.01345098039216,169.70466666666667,t
cai,hover,37.843450980392156,162.55466666666666,t
cai,hover,43.78345098039216,173.89466666666667,t
cai,hover,53.93345098039216,174.63466666666667,t
cai,hover,55.063450980392155,162.26466666666667,t
cai,hover,35.08345098039216,161.28466666666668,t
cai,hover,39.133450980392155,171.01466666666667,t
cai,hover,30.86345098039216,163.33466666666666,t
cai,hover,53.61345098039216,168.9346666666667,t
cai,hover,53.44345098039216,170.07466666666667,t
cai,hover,42.593450980392156,170.09466666666668,t
cai,hover,31.513450980392157,163.12466666666668,t
cai,hover,54.01345098039216,160.13466666666667,t
cai,hover,30.333450980392158,157.13466666666667,t
cai,hover,48.993450980392154,165.42466666666667,t
cai,hover,53.90345098039216,169.11466666666666,t
cai,hover,39.133450980392155,166.58466666666666,t
cai,hover,35.51345098039216,162.4346666666667,t
cai,hover,35.51345098039216,164.41466666666668,t
cai,hover,28.303450980392157,166.98466666666667,t
cai,hover,43.51345098039216,169.45466666666667,t
cai,hover,49.50345098039216,161.92466666666667,t
cai,hover,47.60345098039216,165.45466666666667,t
cai,hover,47.133450980392155,170.25466666666668,t
cai,hover,48.60345098039216,165.7446666666667,t
cai,hover,37.703450980392155,157.48466666666667,t
cai,hover,34.14345098039216,156.61466666666666,t
cai,hover,60.203450980392155,158.42466666666667,t
cai,hover,37.51345098039216,166.1846666666667,t
cai,hover,43.51345098039216,162.63466666666667,t
cai,hover,35.21345098039216,158.9346666666667,t
cai,hover,28.093450980392156,161.51466666666667,t
cai,hover,35.28345098039216,158.69466666666668,t
cai,hover,44.01345098039216,163.63466666666667,t
cai,hover,47.633450980392155,174.33466666666666,t
cai,hover,31.093450980392156,162.4946666666667,t
cai,hover,36.493450980392154,162.29466666666667,t
cai,hover,54.72345098039216,166.23466666666667,t
cai,hover,49.89345098039216,168.36466666666666,t
cai,hover,37.093450980392156,157.69466666666668,t
cai,hover,25.943450980392157,158.28466666666668,t
cai,hover,33.29345098039216,159.13466666666667,t
cai,hover,33.593450980392156,163.10466666666667,t
cai,hover,31.21345098039216,165.64466666666667,t
cai,hover,47.39345098039216,172.95466666666667,t
cai,hover,43.733450980392156,170.7446666666667,t
cai,hover,39.983450980392156,161.94466666666668,t
cai,hover,36.60345098039216,158.54466666666667,t
cai,hover,43.01345098039216,159.13466666666667,t
cai,hover,51.51345098039216,170.63466666666667,t
cai,hover,43.163450980392156,162.31466666666668,t
cai,hover,41.15345098039216,166.2446666666667,t
cai,hover,53.063450980392155,164.70466666666667,t
cai,hover,47.883450980392155,163.10466666666667,t
cai,hover,47.15345098039216,162.4646666666667,t
cai,hover,39.05345098039216,154.63466666666667,t
cai,hover,29.023450980392155,156.14466666666667,t
cai,hover,39.01345098039216,156.63466666666667,t
cai,hover,43.80345098039216,151.88466666666667,t
cai,hover,56.593450980392156,167.05466666666666,t
cai,hover,41.523450980392155,171.14466666666667,t
cai,hover,44.343450980392156,167.05466666666666,t
cai,hover,28.97345098039216,160.97466666666668,t
cai,hover,35.023450980392155,166.63466666666667,t
cai,hover,44.62345098039216,174.63466666666667,t
cai,hover,34.50345098039216,166.13466666666667,t
cai,hover,59.25345098039216,174.53466666666668,t
cai,hover,35.413450980392156,162.42466666666667,t
cai,hover,36.01345098039216,162.35466666666667,t
cai,hover,55.33345098039216,164.1846666666667,t
cai,hover,46.61345098039216,157.50466666666668,t
cai,hover,42.72345098039216,162.51466666666667,t
cai,hover,43.39345098039216,170.6846666666667,t
cai,hover,47.51345098039216,174.63466666666667,u
cai,hover,52.37345098039216,167.50466666666668,u
cai,hover,43.923450980392154,162.63466666666667,u
cai,hover,47.993450980392154,162.19466666666668,u
cai,hover,67.51345098039215,167.63466666666667,u
cai,hover,50.96345098039216,170.83466666666666,u
cai,hover,42.913450980392156,155.78466666666668,u
cai,hover,48.993450980392154,162.63466666666667,u
cai,hover,49.08345098039216,161.63466666666667,u
cai,hover,58.163450980392156,169.09466666666668,u
cai,hover,60.51345098039216,166.60466666666667,u
cai,hover,48.71345098039216,159.87466666666668,u
cai,hover,55.37345098039216,166.19466666666668,u
cai,hover,59.063450980392155,169.7446666666667,u
cai,hover,60.203450980392155,162.63466666666667,u
cai,hover,49.36345098039216,162.63466666666667,u
cai,hover,51.633450980392155,166.2146666666667,u
cai,hover,57.093450980392156,162.63466666666667,u
cai,hover,44.03345098039216,171.14466666666667,u
cai,hover,38.33345098039216,166.84466666666668,u
cai,hover,43.44345098039216,161.9646666666667,u
cai,hover,44.30345098039216,170.50466666666668,u
cai,hover,44.01345098039216,174.13466666666667,u
cai,hover,57.813450980392155,166.27466666666666,u
cai,hover,67.51345098039215,167.41466666666668,u
cai,hover,38.89345098039216,166.63466666666667,u
cai,hover,48.993450980392154,170.87466666666668,u
cai,hover,51.54345098039216,166.41466666666668,u
cai,hover,56.64345098039216,160.69466666666668,u
cai,hover,50.813450980392155,165.94466666666668,u
cai,hover,56.55345098039216,169.33466666666666,u
cai,hover,51.51345098039216,163.11466666666666,u
cai,hover,56.65345098039216,171.01466666666667,u
cai,hover,43.343450980392156,166.82466666666667,u
cai,hover,72.89345098039215,171.91466666666668,u
cai,hover,62.88345098039216,166.06466666666668,u
cai,hover,63.25345098039215,169.48466666666667,u
cai,hover,54.703450980392155,169.04466666666667,u
cai,hover,52.36345098039216,163.02466666666666,u
cai,hover,44.53345098039216,160.75466666666668,u
cai,hover,56.72345098039216,164.79466666666667,u
cai,hover,58.71345098039216,174.63466666666667,u
cai,hover,52.51345098039216,168.11466666666666,u
cai,hover,44.35345098039216,162.17466666666667,u
cai,hover,51.01345098039216,170.95466666666667,u
cai,hover,52.493450980392154,159.61466666666666,u
cai,hover,36.83345098039216,158.48466666666667,u
cai,hover,63.14345098039215,167.48466666666667,u
cai,hover,47.90345098039216,155.02466666666666,u
cai,hover,38.54345098039216,166.13466666666667,u
cai,hover,59.00345098039216,154.65466666666669,u
cai,hover,62.16345098039216,160.64466666666667,u
cai,hover,51.51345098039216,172.67466666666667,u
cai,hover,47.90345098039216,174.26466666666667,u
cai,hover,44.51345098039216,166.63466666666667,u
cai,hover,44.453450980392155,144.88466666666667,v
cai,hover,47.51345098039216,139.98466666666667,v
cai,hover,39.55345098039216,145.32466666666667,v
cai,hover,42.96345098039216,140.7446666666667,v
cai,hover,35.00345098039216,142.63466666666667,v
cai,hover,25.463450980392157,141.77466666666666,v
cai,hover,34.383450980392155,142.77466666666666,v
cai,hover,39.51345098039216,139.61466666666666,v
cai,hover,42.12345098039216,149.50466666666668,v
cai,hover,39.51345098039216,137.85466666666667,v
cai,hover,34.03345098039216,148.11466666666666,v
cai,hover,45.54345098039216,140.60466666666667,v
cai,hover,35.03345098039216,142.63466666666667,v
cai,hover,31.32345098039216,141.15466666666669,v
cai,hover,50.51345098039216,134.63466666666667,v
cai,hover,40.01345098039216,144.61466666666666,v
cai,hover,51.743450980392154,142.75466666666668,v
cai,hover,37.47345098039216,146.45466666666667,v
cai,hover,44.523450980392155,143.64466666666667,v
cai,hover,13.813450980392158,164.50466666666668,w
cai,hover,15.003450980392156,170.63466666666667,w
cai,hover,14.553450980392157,165.48466666666667,w
cai,hover,11.063450980392158,165.63466666666667,w
cai,hover,8.733450980392158,166.63466666666667,w
cai,hover,23.783450980392157,156.01466666666667,w
cai,hover,21.70345098039216,163.53466666666668,w
cai,hover,19.02345098039216,160.09466666666668,w
cai,hover,29.653450980392158,162.54466666666667,w
cai,hover,14.723450980392158,158.91466666666668,w
cai,hover,28.693450980392157,159.77466666666666,w
cai,hover,31.513450980392157,162.35466666666667,w
cai,hover,22.923450980392158,168.06466666666668,w
cai,hover,22.743450980392158,161.59466666666668,w
cai,hover,23.513450980392157,170.98466666666667,w
cai,hover,18.243450980392158,163.87466666666668,w
cai,hover,26.763450980392157,162.11466666666666,w
cai,hover,18.053450980392157,164.15466666666669,w
cai,hover,29.493450980392154,163.4346666666667,w
cai,hover,27.53345098039216,166.90466666666669,w
cai,hover,28.483450980392156,168.60466666666667,w
cai,hover,32.60345098039216,163.13466666666667,w
cai,hover,28.96345098039216,167.69466666666668,w
cai,hover,43.51345098039216,174.63466666666667,w
cai,hover,30.93345098039216,163.28466666666668,w
cai,hover,33.00345098039216,168.86466666666666,w
cai,hover,17.97345098039216,169.73466666666667,w
cai,hover,31.513450980392157,176.42466666666667,w
cai,hover,34.65345098039216,166.9946666666667,w
cai,hover,28.07345098039216,162.59466666666668,w
cai,hover,32.173450980392154,165.52466666666666,w
cai,hover,26.673450980392158,170.10466666666667,w
cai,hover,31.513450980392157,165.55466666666666,w
cai,hover,25.163450980392156,167.10466666666667,w
cai,hover,49.90345098039216,161.76466666666667,w
cai,hover,28.703450980392155,157.15466666666669,w
cai,hover,19.61345098039216,158.62466666666668,w
cai,hover,24.003450980392156,168.85466666666667,w
cai,hover,23.463450980392157,166.39466666666667,w
cai,hover,31.85345098039216,162.63466666666667,w
cai,hover,35.313450980392155,158.13466666666667,w
cai,hover,28.063450980392155,162.90466666666669,w
cai,hover,25.43345098039216,169.64466666666667,w
cai,hover,38.57345098039216,145.05466666666666,x
cai,hover,25.02345098039216,138.83466666666666,x
cai,hover,31.513450980392157,142.13466666666667,x
cai,hover,37.00345098039216,140.86466666666666,x
cai,hover,21.61345098039216,146.2146666666667,x
cai,hover,23.13345098039216,149.77466666666666,x
cai,hover,35.773450980392155,148.62466666666668,x
cai,hover,31.513450980392157,142.14466666666667,x
cai,hover,24.38345098039216,145.06466666666668,x
cai,hover,31.513450980392157,142.39466666666667,x
cai,hover,28.493450980392154,145.51466666666667,x
cai,hover,40.07345098039216,164.47466666666668,y
cai,hover,42.953450980392155,160.57466666666667,y
cai,hover,47.14345098039216,161.37466666666668,y
cai,hover,43.61345098039216,162.20466666666667,y
cai,hover,51.633450980392155,172.26466666666667,y
cai,hover,44.703450980392155,158.6846666666667,y
cai,hover,44.813450980392155,158.2446666666667,y
cai,hover,47.51345098039216,178.58466666666666,y
cai,hover,63.65345098039216,166.26466666666667,y
cai,hover,38.19345098039216,166.34466666666668,y
cai,hover,35.71345098039216,162.50466666666668,y
cai,hover,54.023450980392155,168.40466666666669,y
cai,hover,45.483450980392156,169.42466666666667,y
cai,hover,53.563450980392155,169.90466666666669,y
cai,hover,64.52345098039217,170.51466666666667,y
cai,hover,35.203450980392155,166.95466666666667,y
cai,hover,46.993450980392154,162.95466666666667,y
cai,hover,55.86345098039216,169.44466666666668,y
cai,hover,69.49345098039217,158.63466666666667,y
cai,hover,47.51345098039216,168.13466666666667,y
cai,hover,39.96345098039216,162.79466666666667,y
cai,hover,47.773450980392155,158.63466666666667,y
cai,hover,36.62345098039216,161.22466666666668,y
cai,hover,37.29345098039216,162.23466666666667,y
cai,hover,51.51345098039216,163.12466666666668,y
cai,hover,63.203450980392155,166.32466666666667,y
cai,hover,56.05345098039216,165.4646666666667,y
cai,hover,51.26345098039216,166.63466666666667,y
cai,hover,68.90345098039217,178.4646666666667,y
cai,hover,30.063450980392155,168.98466666666667,y
cai,hover,38.453450980392155,158.89466666666667,y
cai,hover,32.423450980392154,158.06466666666668,y
cai,hover,39.023450980392155,157.85466666666667,y
cai,hover,34.32345098039216,167.2146666666667,y
cai,hover,64.44345098039216,150.64466666666667,y
cai,hover,54.173450980392154,153.76466666666667,y
cai,hover,75.51345098039215,165.36466666666666,y
cai,hover,57.90345098039216,173.22466666666668,y
cai,hover,38.023450980392155,173.85466666666667,y
cai,hover,16.11345098039216,148.9346666666667,z
cai,hover,16.653450980392158,141.42466666666667,z
cai,hover,36.00345098039216,143.14466666666667,z
cai,hover,17.553450980392157,141.82466666666667,z
cai,hover,19.993450980392158,143.12466666666668,z
cai,hover,35.173450980392154,142.51466666666667,z
cai,hover,21.003450980392156,145.14466666666667,z
cai,hover,28.903450980392158,146.63466666666667,z
cai,hover,19.70345098039216,139.13466666666667,z
cai,hover,34.453450980392155,142.79466666666667,z
cai,hover,23.823450980392156,146.78466666666668,z
cai,hover,35.51345098039216,115.52466666666668,blank
cai,hover,39.233450980392156,112.10466666666667,blank
cai,hover,35.133450980392155,119.49466666666667,blank
cai,hover,38.08345098039216,114.31466666666668,blank
cai,hover,43.173450980392154,115.51466666666667,blank
cai,hover,42.21345098039216,112.61466666666668,blank
cai,hover,42.093450980392156,110.63466666666667,blank
cai,hover,39.32345098039216,111.03466666666668,blank
cai,hover,43.21345098039216,113.65466666666667,blank
cai,hover,39.12345098039216,106.87466666666667,blank
cai,hover,39.423450980392154,117.35466666666667,blank
cai,hover,43.28345098039216,106.45466666666667,blank
cai,hover,46.93345098039216,100.90466666666667,blank
cai,hover,47.51345098039216,102.63466666666667,blank
cai,hover,51.51345098039216,102.14466666666668,blank
cai,hover,39.00345098039216,102.14466666666668,blank
cai,hover,40.233450980392156,102.38466666666667,blank
cai,hover,42.21345098039216,109.33466666666668,blank
cai,hover,38.05345098039216,103.26466666666667,blank
cai,hover,39.85345098039216,103.67466666666668,blank
cai,hover,48.37345098039216,103.75466666666668,blank
cai,hover,47.51345098039216,103.13466666666667,blank
cai,hover,44.50345098039216,104.63466666666667,blank
cai,hover,38.733450980392156,111.04466666666667,blank
cai,hover,43.313450980392155,108.02466666666668,blank
cai,hover,42.773450980392155,107.96466666666667,blank
cai,hover,44.75345098039216,112.66466666666668,blank
cai,hover,43.51345098039216,106.37466666666667,blank
cai,hover,44.523450980392155,111.59466666666667,blank
cai,hover,40.50345098039216,107.13466666666667,blank
cai,hover,47.51345098039216,107.12466666666667,blank
cai,hover,42.94345098039216,106.63466666666667,blank
cai,hover,51.133450980392155,111.17466666666668,blank
cai,hover,47.51345098039216,110.63466666666667,blank
cai,hover,54.023450980392155,109.17466666666668,blank
cai,hover,46.313450980392155,106.63466666666667,blank
cai,hover,43.40345098039216,111.54466666666667,blank
cai,hover,49.33345098039216,106.63466666666667,blank
cai,hover,45.51345098039216,109.43466666666667,blank
cai,hover,51.51345098039216,110.69466666666668,blank
cai,hover,47.30345098039216,107.11466666666668,blank
cai,hover,41.80345098039216,109.98466666666667,blank
cai,hover,44.43345098039216,110.63466666666667,blank
cai,hover,45.51345098039216,106.63466666666667,blank
cai,hover,44.71345098039216,108.16466666666668,blank
cai,hover,48.85345098039216,106.63466666666667,blank
cai,hover,48.313450980392155,106.63466666666667,blank
cai,hover,39.58345098039216,106.72466666666668,blank
cai,hover,43.51345098039216,113.14466666666668,blank
cai,hover,51.51345098039216,108.95466666666667,blank
cai,hover,47.25345098039216,109.30466666666668,blank
cai,hover,46.733450980392156,114.63466666666667,blank
cai,hover,56.483450980392156,107.60466666666667,blank
cai,hover,42.62345098039216,119.31466666666668,blank
cai,hover,50.673450980392154,118.02466666666668,blank
cai,hover,51.51345098039216,118.63466666666667,blank
cai,hover,55.51345098039216,112.96466666666667,blank
cai,hover,43.51345098039216,114.68466666666667,blank
cai,hover,51.51345098039216,117.62466666666667,blank
cai,hover,49.15345098039216,110.63466666666667,blank
cai,hover,49.76345098039216,115.12466666666667,blank
cai,hover,48.14345098039216,114.28466666666668,blank
cai,hover,47.51345098039216,121.54466666666667,blank
cai,hover,52.313450980392155,114.63466666666667,blank
cai,hover,46.51345098039216,106.63466666666667,blank
cai,hover,47.51345098039216,109.78466666666668,blank
cai,hover,49.493450980392154,107.13466666666667,blank
cai,hover,53.703450980392155,113.80466666666668,blank
cai,hover,49.04345098039216,114.63466666666667,blank
cai,hover,47.33345098039216,106.81466666666668,blank
cai,hover,46.61345098039216,102.51466666666667,blank
cai,hover,42.64345098039216,105.33466666666668,blank
cai,hover,43.51345098039216,126.63466666666667,blank
cai,hover,36.00345098039216,123.13466666666667,blank
cai,hover,40.51345098039216,118.14466666666668,blank
cai,hover,43.813450980392155,115.44466666666668,blank
cai,hover,35.60345098039216,115.68466666666667,blank
cai,hover,43.55345098039216,115.16466666666668,blank
cai,hover,44.243450980392154,126.22466666666668,blank
cai,hover,43.35345098039216,117.31466666666668,blank
cai,hover,45.44345098039216,110.63466666666667,blank
cai,hover,43.51345098039216,117.15466666666667,blank
cai,hover,44.673450980392154,119.21466666666667,blank
cai,hover,44.673450980392154,122.48466666666667,blank
cai,hover,42.40345098039216,114.63466666666667,blank
cai,hover,47.883450980392155,119.39466666666668,blank
cai,hover,43.51345098039216,117.14466666666668,blank
cai,hover,47.51345098039216,114.92466666666668,blank
cai,hover,49.54345098039216,112.66466666666668,blank
cai,hover,44.96345098039216,113.02466666666668,blank
cai,hover,49.29345098039216,110.63466666666667,blank
cai,hover,47.07345098039216,115.19466666666668,blank
cai,hover,47.19345098039216,115.45466666666667,blank
cai,hover,43.743450980392154,119.45466666666667,blank
cai,hover,43.50345098039216,118.95466666666667,blank
cai,hover,43.00345098039216,119.15466666666667,blank
cai,hover,39.90345098039216,120.42466666666668,blank
cai,hover,36.14345098039216,122.57466666666667,blank
cai,hover,43.21345098039216,115.52466666666668,blank
cai,hover,55.28345098039216,112.12466666666667,blank
cai,hover,55.173450980392154,107.11466666666668,blank
cai,hover,44.50345098039216,106.14466666666668,blank
cai,hover,46.25345098039216,111.47466666666668,blank
cai,hover,48.62345098039216,110.63466666666667,blank
cai,hover,44.64345098039216,111.76466666666667,blank
cai,hover,43.94345098039216,114.63466666666667,blank
cai,hover,47.51345098039216,110.09466666666667,blank
cai,hover,38.44345098039216,106.69466666666668,blank
cai,hover,43.03345098039216,107.60466666666667,blank
cai,hover,47.51345098039216,113.19466666666668,blank
cai,hover,47.30345098039216,118.63466666666667,blank
cai,hover,54.243450980392154,118.27466666666668,blank
cai,hover,55.913450980392156,120.03466666666668,blank
cai,hover,55.75345098039216,113.33466666666668,blank
cai,hover,51.923450980392154,118.63466666666667,blank
cai,hover,48.15345098039216,114.63466666666667,blank
cai,hover,56.493450980392154,118.33466666666668,blank
cai,hover,55.26345098039216,116.91466666666668,blank
cai,hover,55.493450980392154,114.13466666666667,blank
cai,hover,53.68345098039216,107.34466666666667,blank
cai,hover,53.51345098039216,114.63466666666667,blank
cai,hover,55.51345098039216,114.98466666666667,blank
cai,hover,48.01345098039216,111.13466666666667,blank
cai,hover,51.51345098039216,119.11466666666668,blank
cai,hover,55.923450980392154,114.18466666666667,blank
cai,hover,43.51345098039216,115.62466666666667,blank
cai,hover,49.14345098039216,112.44466666666668,blank
cai,hover,47.51345098039216,109.64466666666668,blank
cai,hover,54.94345098039216,107.15466666666667,blank
cai,hover,47.993450980392154,110.01466666666667,blank
cai,hover,48.993450980392154,106.18466666666667,blank
cai,hover,52.33345098039216,108.45466666666667,blank
cai,hover,55.47345098039216,110.63466666666667,blank
cai,hover,55.51345098039216,110.68466666666667,blank
cai,hover,61.87345098039216,110.63466666666667,blank
cai,hover,55.01345098039216,114.15466666666667,blank
cai,hover,52.493450980392154,116.11466666666668,blank
cai,hover,51.51345098039216,125.14466666666668,blank
cai,hover,47.51345098039216,110.40466666666667,blank
cai,hover,51.243450980392154,111.46466666666667,blank
cai,hover,51.51345098039216,110.63466666666667,blank
cai,hover,58.22345098039216,105.89466666666668,blank
cai,hover,58.01345098039216,102.63466666666667,blank
cai,hover,49.953450980392155,108.33466666666668,blank
cai,hover,55.85345098039216,114.27466666666668,blank
cai,hover,45.33345098039216,124.45466666666667,blank
cai,hover,53.86345098039216,101.95466666666667,blank
cai,hover,50.44345098039216,106.63466666666667,blank
cai,hover,53.53345098039216,110.63466666666667,blank
cai,hover,55.00345098039216,114.63466666666667,blank
cai,hover,55.383450980392155,107.45466666666667,blank
cai,hover,56.01345098039216,106.34466666666667,blank
cai,hover,51.89345098039216,106.19466666666668,blank
cai,hover,51.65345098039216,106.83466666666668,blank
cai,hover,51.21345098039216,113.94466666666668,blank
cai,hover,55.32345098039216,114.63466666666667,blank
cai,hover,43.51345098039216,108.18466666666667,blank
cai,hover,37.40345098039216,107.01466666666667,blank
cai,hover,47.843450980392156,107.00466666666668,blank
cai,hover,47.51345098039216,110.63466666666667,blank
cai,hover,44.993450980392154,106.63466666666667,blank
cai,hover,46.90345098039216,107.06466666666668,blank
cai,hover,43.37345098039216,110.63466666666667,blank
cai,hover,51.983450980392156,110.51466666666667,blank
cai,hover,47.51345098039216,115.07466666666667,blank
cai,hover,56.30345098039216,110.63466666666667,blank
cai,hover,59.51345098039216,117.42466666666668,blank
cai,hover,59.47345098039216,118.63466666666667,blank
cai,hover,51.51345098039216,111.34466666666667,blank
cai,hover,55.51345098039216,116.78466666666668,blank
cai,hover,39.97345098039216,114.63466666666667,blank
cai,hover,48.51345098039216,106.63466666666667,blank
cai,hover,43.51345098039216,117.29466666666667,blank
cai,hover,43.03345098039216,118.63466666666667,blank
cai,hover,47.51345098039216,107.10466666666667,blank
cai,hover,39.47345098039216,107.15466666666667,blank
cai,hover,42.453450980392155,110.63466666666667,blank
cai,hover,43.493450980392154,110.89466666666668,blank
cai,hover,51.10345098039216,114.39466666666668,blank
cai,hover,46.53345098039216,109.13466666666667,blank
cai,hover,47.90345098039216,108.02466666666668,blank
cai,hover,48.36345098039216,119.63466666666667,blank
cai,hover,42.72345098039216,111.05466666666668,blank
cai,hover,45.26345098039216,111.74466666666667,blank
cai,hover,53.10345098039216,114.28466666666668,blank
cai,hover,52.663450980392156,115.54466666666667,blank
cai,hover,54.243450980392154,115.16466666666668,blank
cai,hover,55.12345098039216,115.32466666666667,blank
cai,hover,59.173450980392154,111.21466666666667,blank
cai,hover,51.163450980392156,111.26466666666667,blank
cai,hover,55.51345098039216,114.63466666666667,blank
cai,hover,48.60345098039216,116.55466666666668,blank
cai,hover,52.203450980392155,114.63466666666667,blank
cai,hover,50.023450980392155,114.63466666666667,blank
cai,hover,43.03345098039216,108.85466666666667,blank
cai,hover,45.76345098039216,109.49466666666667,blank
cai,hover,55.51345098039216,114.63466666666667,blank
cai,hover,44.313450980392155,111.00466666666668,blank
cai,hover,46.94345098039216,117.36466666666668,blank
cai,hover,44.773450980392155,114.26466666666667,blank
cai,hover,45.51345098039216,118.13466666666667,blank
cai,hover,46.62345098039216,116.22466666666668,blank
cai,hover,43.993450980392154,118.63466666666667,blank
cai,hover,47.32345098039216,119.59466666666667,blank
cai,hover,47.97345098039216,118.51466666666667,blank
cai,hover,49.00345098039216,114.63466666666667,blank
cai,hover,46.30345098039216,114.63466666666667,blank
cai,hover,47.51345098039216,114.63466666666667,blank
cai,hover,44.743450980392154,111.12466666666667,blank
cai,hover,51.51345098039216,102.20466666666667,blank
cai,hover,43.22345098039216,107.62466666666667,blank
cai,hover,45.51345098039216,107.83466666666668,blank
cai,hover,42.423450980392154,105.21466666666667,blank
cai,hover,54.93345098039216,109.51466666666667,blank
cai,hover,39.50345098039216,108.07466666666667,blank
cai,hover,52.733450980392156,110.79466666666667,blank
cai,hover,45.483450980392156,114.13466666666667,blank
cai,hover,49.51345098039216,122.63466666666667,blank
cai,hover,45.51345098039216,110.63466666666667,blank
cai,hover,39.85345098039216,102.63466666666667,blank
cai,hover,51.51345098039216,110.63466666666667,blank
cai,hover,55.51345098039216,111.10466666666667,blank
cai,hover,45.51345098039216,109.92466666666668,blank
cai,hover,52.173450980392154,102.63466666666667,blank
cai,hover,55.75345098039216,106.76466666666667,blank
cai,hover,47.51345098039216,106.63466666666667,blank
cai,hover,47.97345098039216,106.14466666666668,blank
cai,hover,47.01345098039216,108.12466666666667,blank
cai,hover,53.843450980392156,112.83466666666668,blank
cai,hover,38.51345098039216,103.12466666666667,blank
cai,hover,47.51345098039216,106.63466666666667,blank
cai,hover,54.90345098039216,108.55466666666668,blank
cai,hover,50.55345098039216,109.29466666666667,blank
cai,hover,45.51345098039216,109.64466666666668,blank
cai,hover,51.68345098039216,109.33466666666668,blank
cai,hover,53.03345098039216,104.00466666666668,blank
cai,hover,55.47345098039216,106.37466666666667,blank
cai,hover,51.883450980392155,109.69466666666668,blank
cai,hover,55.51345098039216,109.13466666666667,blank
cai,hover,43.54345098039216,106.11466666666668,blank
cai,hover,55.133450980392155,109.69466666666668,blank
cai,hover,53.79345098039216,113.14466666666668,blank
cai,hover,50.93345098039216,109.37466666666667,blank
cai,hover,42.76345098039216,110.80466666666668,blank
cai,hover,47.72345098039216,111.15466666666667,blank
cai,hover,47.243450980392154,115.41466666666668,blank
cai,hover,35.51345098039216,116.37466666666667,blank
cai,hover,43.51345098039216,114.44466666666668,blank
cai,hover,47.163450980392156,115.43466666666667,blank
cai,hover,50.68345098039216,117.58466666666668,blank
cai,hover,52.03345098039216,114.84466666666667,blank
cai,hover,52.39345098039216,112.64466666666668,blank
cai,hover,45.76345098039216,120.00466666666668,blank
cai,hover,59.51345098039216,103.14466666666668,blank
cai,hover,51.90345098039216,109.22466666666668,blank
cai,hover,42.883450980392155,106.63466666666667,blank
cai,hover,48.00345098039216,111.14466666666668,blank
cai,hover,55.633450980392155,108.18466666666667,blank
cai,hover,54.89345098039216,109.02466666666668,blank
cai,hover,54.97345098039216,106.06466666666668,blank
cai,hover,43.18345098039216,111.60466666666667,blank
cai,hover,51.51345098039216,110.63466666666667,blank
cai,hover,50.493450980392154,106.63466666666667,blank
cai,hover,41.01345098039216,104.13466666666667,blank
cai,hover,55.51345098039216,114.63466666666667,blank
cai,hover,56.79345098039216,111.32466666666667,blank
cai,hover,50.313450980392155,110.63466666666667,blank
cai,hover,52.22345098039216,114.63466666666667,blank
cai,hover,46.50345098039216,109.64466666666668,blank
cai,hover,52.29345098039216,123.82466666666667,blank
cai,hover,47.51345098039216,114.43466666666667,blank
cai,hover,43.51345098039216,116.97466666666668,blank
cai,hover,45.37345098039216,118.16466666666668,blank
cai,hover,44.40345098039216,118.63466666666667,blank
